Institution,Country,Classification,Rank2025,Rank2024,AR_Score,ER_Score,FS_Score,CPF_Score,IF_Score,IS_Score,IRN_Score,EO_Score,SUS_Score,OverallScore
Massachusetts Institute of Technology (MIT),United States,M,1.0,1.0,100.0,100.0,100.0,100.0,99.3,86.8,96.0,100.0,99.0,100.0
Imperial College London,United Kingdom,L,2.0,6.0,98.5,99.5,98.2,93.9,100.0,99.6,97.4,93.4,99.7,98.5
University of Oxford,United Kingdom,L,3.0,3.0,100.0,100.0,100.0,84.8,98.1,97.7,100.0,100.0,85.0,96.9
Harvard University,United States,L,4.0,4.0,100.0,100.0,96.3,100.0,74.1,69.0,99.6,100.0,84.4,96.8
University of Cambridge,United Kingdom,L,5.0,2.0,100.0,100.0,100.0,84.6,100.0,94.8,99.3,100.0,84.8,96.7
Stanford University,United States,L,6.0,5.0,100.0,100.0,100.0,99.0,70.3,60.8,96.8,100.0,81.2,96.1
ETH Zurich - Swiss Federal Institute of Technology,Switzerland,L,7.0,7.0,98.8,87.2,65.9,97.9,100.0,98.6,95.7,90.5,98.8,93.9
National University of Singapore (NUS),Singapore,XL,8.0,8.0,99.5,91.1,68.8,93.1,100.0,88.9,91.6,100.0,97.7,93.7
UCL,United Kingdom,XL,9.0,9.0,99.5,98.3,95.9,72.2,99.0,100.0,99.9,70.3,74.8,91.6
California Institute of Technology (Caltech),United States,S,10.0,15.0,96.5,95.3,100.0,100.0,100.0,79.8,65.5,31.0,62.5,90.9
University of Pennsylvania,United States,L,11.0,12.0,96.3,91.9,99.8,74.0,90.9,66.2,91.9,100.0,93.0,90.3
"University of California, Berkeley (UCB)",United States,XL,12.0,10.0,100.0,100.0,23.5,98.2,91.5,61.0,97.2,98.4,100.0,90.1
The University of Melbourne,Australia,XL,13.0,14.0,98.5,93.9,15.4,93.0,95.1,99.8,97.4,96.5,99.6,88.9
Peking University,China (Mainland),XL,14.0,17.0,99.5,96.6,92.6,97.7,50.3,23.6,79.8,94.2,46.9,88.5
"Nanyang Technological University, Singapore (NTU)",Singapore,L,15.0,26.0,91.9,73.3,80.6,92.4,100.0,83.5,89.4,83.9,95.6,88.4
Cornell University,United States,L,16.0,13.0,98.3,93.1,52.7,97.5,54.2,63.4,94.0,97.1,72.1,87.9
The University of Hong Kong,Hong Kong SAR,L,17.0,26.0,97.4,59.4,81.2,86.4,100.0,99.3,81.4,99.7,89.2,87.6
The University of Sydney,Australia,XL,18.0,19.0,96.4,90.0,10.9,93.7,99.9,100.0,95.8,93.1,99.6,87.3
The University of New South Wales (UNSW Sydney),Australia,XL,19.0,19.0,90.5,90.4,20.6,94.9,100.0,99.4,98.3,97.7,99.2,87.1
Tsinghua University,China (Mainland),XL,20.0,25.0,99.2,97.7,95.0,99.1,18.1,13.4,79.2,92.3,40.4,86.5
University of Chicago,United States,L,21.0,11.0,99.1,96.4,94.2,60.8,79.0,87.0,85.1,99.1,46.9,86.2
Princeton University,United States,M,22.0,17.0,99.8,98.3,57.0,100.0,9.6,56.6,78.3,95.7,51.5,85.5
Yale University,United States,L,23.0,16.0,99.9,99.9,100.0,38.6,91.5,63.3,93.9,98.5,92.2,85.2
Université PSL,France,L,24.0,24.0,74.4,97.6,98.1,87.6,62.3,65.0,99.8,97.1,73.4,84.7
University of Toronto,Canada,XL,25.0,21.0,99.7,96.9,44.9,50.8,96.9,96.1,97.7,98.7,100.0,84.1
EPFL,Switzerland,M,26.0,36.0,84.2,67.2,91.2,93.6,100.0,100.0,81.7,27.2,86.7,83.5
The University of Edinburgh,United Kingdom,XL,27.0,22.0,98.3,97.2,65.5,47.7,98.7,99.8,99.5,55.9,99.0,83.3
Technical University of Munich,Germany,XL,28.0,37.0,83.0,98.6,76.8,75.9,80.4,98.6,95.6,34.5,93.1,83.2
McGill University,Canada,L,29.0,30.0,94.3,87.6,62.3,57.9,83.7,89.6,94.2,98.3,99.1,83.0
The Australian National University,Australia,L,30.0,34.0,93.8,75.4,34.6,84.6,100.0,96.2,91.4,56.6,97.1,82.4
Seoul National University,South Korea,L,31.0,41.0,98.5,98.6,83.1,71.7,10.5,16.9,73.2,100.0,96.0,82.3
Johns Hopkins University,United States,L,32.0,28.0,86.0,62.6,100.0,84.2,63.7,95.8,98.7,71.5,61.9,82.1
The University of Tokyo,Japan,L,32.0,28.0,100.0,99.8,89.3,57.3,10.1,29.7,87.4,99.9,98.3,82.1
Columbia University,United States,XL,34.0,23.0,99.6,98.8,100.0,31.7,41.5,97.0,98.5,99.9,71.8,82.0
The University of Manchester,United Kingdom,XL,34.0,32.0,95.6,98.1,51.3,45.1,93.1,99.2,99.2,87.6,99.8,82.0
The Chinese University of Hong Kong (CUHK),Hong Kong SAR,L,36.0,47.0,86.7,53.3,64.2,92.9,100.0,87.5,74.2,89.0,86.7,81.3
Monash University,Australia,XL,37.0,42.0,89.2,79.6,9.4,87.6,100.0,100.0,94.8,79.4,98.2,81.2
University of British Columbia,Canada,XL,38.0,34.0,98.3,94.3,34.5,57.7,95.5,72.8,96.2,74.6,99.8,81.0
Fudan University,China (Mainland),XL,39.0,50.0,85.7,87.8,79.7,80.7,88.4,35.1,67.2,64.4,82.7,80.3
King's College London,United Kingdom,XL,40.0,40.0,90.3,85.7,64.3,53.6,99.1,99.5,98.6,59.8,96.2,80.2
The University of Queensland,Australia,XL,40.0,43.0,86.7,74.0,21.2,90.2,100.0,100.0,96.7,56.7,96.7,80.2
"University of California, Los Angeles (UCLA)",United States,XL,42.0,29.0,100.0,99.8,35.4,74.0,42.2,22.3,95.5,94.7,67.1,79.8
New York University (NYU),United States,XL,43.0,38.0,96.3,98.8,90.5,28.6,30.2,98.1,92.6,98.4,95.4,79.6
University of Michigan-Ann Arbor,United States,XL,44.0,33.0,97.9,92.1,80.3,47.6,65.5,39.2,95.8,94.5,62.2,79.0
Shanghai Jiao Tong University,China (Mainland),XL,45.0,51.0,84.0,86.3,58.6,99.6,23.1,19.6,73.7,73.5,80.3,77.8
Institut Polytechnique de Paris,France,M,46.0,38.0,44.7,99.6,95.9,86.1,99.1,98.0,89.6,97.7,54.8,77.5
The Hong Kong University of Science and Technology,Hong Kong SAR,M,47.0,60.0,81.1,50.3,56.7,99.7,100.0,95.4,46.7,65.4,77.6,77.1
Zhejiang University,China (Mainland),XL,47.0,44.0,75.3,95.4,54.7,99.5,95.0,15.9,91.8,55.5,30.7,77.1
Delft University of Technology,Netherlands,L,49.0,47.0,74.4,83.0,39.4,79.7,100.0,91.4,93.7,54.8,99.1,77.0
Kyoto University,Japan,L,50.0,46.0,98.8,99.0,94.2,39.3,15.9,19.0,85.7,72.8,85.2,76.0
Northwestern University,United States,L,50.0,47.0,84.0,68.0,97.6,67.7,45.4,52.0,89.4,96.8,55.4,76.0
The London School of Economics and Political Science (LSE),United Kingdom,L,50.0,45.0,67.2,97.0,35.1,69.4,100.0,100.0,81.2,99.6,91.3,76.0
KAIST - Korea Advanced Institute of Science & Technology,South Korea,M,53.0,56.0,87.7,91.0,60.2,96.2,21.1,10.9,46.8,63.3,60.3,75.7
University of Bristol,United Kingdom,L,54.0,55.0,75.8,82.5,36.7,75.9,87.5,89.8,94.6,51.2,98.9,75.4
University of Amsterdam,Netherlands,XL,55.0,53.0,83.8,52.1,21.4,92.2,96.0,87.5,96.3,79.8,38.2,73.7
Yonsei University,South Korea,L,56.0,76.0,81.5,97.0,84.2,44.1,20.7,51.2,78.7,87.8,88.9,72.9
The Hong Kong Polytechnic University,Hong Kong SAR,L,57.0,65.0,68.0,35.6,65.0,94.9,100.0,91.9,78.9,64.5,77.4,72.1
Carnegie Mellon University,United States,L,58.0,52.0,69.8,80.1,40.9,98.9,33.7,99.1,79.9,61.5,24.5,72.0
Ludwig-Maximilians-Universität München,Germany,XL,59.0,54.0,92.2,86.6,38.5,50.0,75.1,37.6,95.5,66.9,62.2,71.6
Universiti Malaya (UM),Malaysia,L,60.0,65.0,82.9,95.1,75.7,29.1,60.2,64.2,91.8,69.3,83.6,71.2
Duke University,United States,L,61.0,57.0,86.0,74.7,100.0,35.1,16.3,61.0,93.3,85.5,75.0,70.8
City University of Hong Kong,Hong Kong SAR,M,62.0,70.0,60.9,30.8,89.5,100.0,100.0,100.0,62.9,37.5,72.9,70.7
KU Leuven,Belgium,XL,63.0,61.0,84.6,49.6,7.1,91.0,93.8,47.7,99.5,75.3,51.2,70.3
Sorbonne University,France,XL,63.0,59.0,87.2,52.0,43.0,72.3,33.8,46.7,99.8,79.7,87.6,70.3
The University of Auckland,New Zealand,XL,65.0,68.0,82.2,44.7,15.5,66.9,100.0,84.0,87.4,92.9,99.7,69.7
University of Texas at Austin,United States,XL,66.0,58.0,93.5,86.6,8.1,76.7,6.1,11.7,91.7,81.7,52.1,69.5
Korea University,South Korea,L,67.0,79.0,78.2,93.8,73.0,45.0,15.2,45.7,65.7,89.0,85.2,69.0
National Taiwan University (NTU),Taiwan,XL,68.0,69.0,93.4,92.1,25.5,44.3,16.7,27.4,71.5,99.9,90.0,68.7
The University of Warwick,United Kingdom,L,69.0,67.0,72.2,86.4,35.5,37.7,98.1,99.1,94.2,65.7,89.7,68.2
University of Illinois at Urbana-Champaign,United States,XL,69.0,64.0,83.9,75.7,6.4,77.5,14.0,56.3,90.4,81.7,65.0,68.2
Universidad de Buenos Aires (UBA),Argentina,XL,71.0,95.0,94.1,94.1,71.7,1.6,63.9,64.6,73.4,99.8,51.8,67.6
"University of California, San Diego (UCSD)",United States,XL,72.0,62.0,89.3,57.8,50.8,67.0,54.6,44.3,95.5,21.7,44.3,67.1
Université Paris-Saclay,France,XL,73.0,71.0,60.7,99.1,99.8,35.0,35.7,58.6,98.6,70.8,72.6,67.0
KTH Royal Institute of Technology,Sweden,L,74.0,73.0,45.2,55.6,62.3,86.1,92.0,65.9,91.1,62.4,94.8,65.7
Lund University,Sweden,L,75.0,85.0,68.3,52.5,55.5,44.6,97.4,73.4,96.7,86.5,99.6,65.6
University of Washington,United States,XL,76.0,63.0,81.9,55.5,28.6,78.8,11.0,32.8,95.6,68.7,66.5,65.3
The University of Western Australia,Australia,L,77.0,72.0,55.5,41.8,13.1,98.8,100.0,99.8,94.2,78.0,50.8,65.2
University of Glasgow,United Kingdom,XL,78.0,76.0,77.4,67.7,38.0,32.5,95.7,99.4,97.6,33.5,98.5,65.0
Brown University,United States,M,79.0,73.0,59.9,49.6,77.7,76.4,79.9,50.9,83.2,63.6,46.6,64.7
University of Birmingham,United Kingdom,XL,80.0,84.0,68.9,69.0,39.0,40.5,92.6,89.3,97.5,44.5,96.8,64.1
University of Southampton,United Kingdom,L,80.0,81.0,50.1,44.3,40.7,83.4,92.5,98.0,97.1,49.2,96.9,64.1
The University of Adelaide,Australia,L,82.0,89.0,56.0,38.9,17.9,87.0,100.0,99.3,93.6,51.5,95.7,63.8
University of Leeds,United Kingdom,XL,82.0,75.0,70.5,75.9,36.4,39.8,82.5,88.5,98.8,50.9,71.8,63.8
Ruprecht-Karls-Universität Heidelberg,Germany,L,84.0,87.0,76.9,59.4,99.4,32.7,54.2,53.6,94.5,25.2,77.6,63.7
Tokyo Institute of Technology (Tokyo Tech),Japan,M,84.0,91.0,75.1,94.1,84.1,43.1,23.4,30.5,61.2,23.7,62.2,63.7
Osaka University,Japan,L,86.0,80.0,82.4,87.0,45.2,54.9,23.9,12.2,68.2,33.0,68.0,63.5
"Trinity College Dublin, The University of Dublin",Ireland,L,87.0,81.0,69.5,47.4,20.2,58.4,99.3,88.0,91.3,88.6,57.7,62.9
University of Technology Sydney,Australia,L,88.0,90.0,43.9,55.0,9.8,97.7,96.6,86.0,91.4,40.2,96.3,62.4
Durham University,United Kingdom,L,89.0,78.0,59.6,83.9,26.3,40.9,97.3,84.9,89.7,39.4,98.6,61.7
Pennsylvania State University,United States,XL,89.0,83.0,76.6,64.5,25.0,55.4,25.1,28.0,97.9,61.9,96.5,61.7
Purdue University,United States,XL,89.0,99.0,63.3,81.1,11.4,54.3,79.6,45.2,92.9,63.1,90.1,61.7
Universidade de São Paulo,Brazil,XL,92.0,85.0,92.8,74.6,21.4,28.5,6.8,2.1,95.9,97.9,93.6,61.6
Pontificia Universidad Católica de Chile (UC),Chile,L,93.0,103.0,93.7,98.0,23.7,8.8,26.0,3.7,82.5,99.9,79.3,61.5
Lomonosov Moscow State University,Russia,XL,94.0,87.0,78.0,82.3,99.7,4.1,19.7,91.5,88.1,95.8,3.5,61.4
Universidad Nacional Autónoma de México (UNAM),Mexico,XL,94.0,93.0,97.0,94.4,37.4,2.4,7.5,2.3,93.2,93.2,83.4,61.4
University of Alberta,Canada,XL,96.0,111.0,57.0,42.2,39.1,61.3,98.3,71.0,96.0,70.0,97.6,61.2
Freie Universitaet Berlin,Germany,L,97.0,98.0,80.3,56.9,5.0,71.7,62.4,43.7,93.1,32.8,31.3,60.6
Pohang University of Science And Technology (POSTECH),South Korea,S,98.0,100.0,45.9,80.0,99.9,96.9,27.6,2.7,26.6,11.0,36.6,60.3
RWTH Aachen University,Germany,XL,99.0,106.0,46.6,93.7,6.3,71.9,48.6,85.5,86.1,33.4,84.8,59.9
University of Copenhagen,Denmark,XL,100.0,107.0,74.0,31.6,99.8,23.1,84.9,15.6,98.2,90.8,73.2,59.6
King Fahd University of Petroleum & Minerals,Saudi Arabia,M,101.0,180.0,38.0,46.5,86.0,78.0,100.0,47.6,73.9,97.8,20.1,59.5
"KIT, Karlsruhe Institute of Technology",Germany,L,102.0,119.0,44.9,80.9,39.4,68.4,70.5,42.9,86.4,50.8,75.3,59.4
Uppsala University,Sweden,L,103.0,105.0,61.4,33.7,52.0,42.3,99.4,81.1,96.7,68.4,99.2,59.3
University of St Andrews,United Kingdom,M,104.0,95.0,46.5,63.2,64.7,49.2,98.4,100.0,83.8,18.5,91.1,59.2
The University of Sheffield,United Kingdom,L,105.0,104.0,58.3,48.7,52.5,43.9,83.3,96.8,95.8,33.8,97.7,59.1
Utrecht University,Netherlands,XL,105.0,107.0,66.5,38.8,31.0,79.5,55.7,19.4,97.3,54.7,61.9,59.1
Tohoku University,Japan,L,107.0,113.0,73.8,82.8,97.8,23.9,14.1,11.4,68.3,22.6,78.6,58.8
University of Nottingham,United Kingdom,XL,108.0,100.0,61.1,65.8,32.8,37.6,89.4,70.5,98.0,38.0,97.0,58.5
Technical University of Denmark,Denmark,M,109.0,121.0,33.2,22.1,99.1,84.4,100.0,87.7,88.1,43.6,47.9,58.3
University of Zurich,Switzerland,L,109.0,91.0,59.9,26.4,92.2,40.1,100.0,42.8,94.3,88.6,58.7,58.3
Politecnico di Milano,Italy,XL,111.0,123.0,70.8,77.0,5.8,40.2,67.4,56.8,88.1,52.9,72.6,58.2
Boston University,United States,L,108.0,93.0,61.9,69.1,38.3,41.3,34.3,88.9,86.9,77.2,65.9,58.6
Aalto University,Finland,L,113.0,109.0,45.7,40.6,33.2,73.6,95.2,40.1,78.2,95.1,94.7,57.9
Georgia Institute of Technology,United States,XL,114.0,97.0,67.1,82.6,20.3,52.8,21.3,66.4,75.5,43.1,39.5,57.3
University of Waterloo,Canada,XL,115.0,112.0,40.4,64.2,6.5,78.9,75.8,71.3,84.6,58.9,93.3,57.2
University of Wisconsin-Madison,United States,XL,116.0,102.0,77.7,47.8,74.3,23.7,35.3,23.6,91.6,81.6,59.6,57.1
University of Helsinki,Finland,L,117.0,115.0,62.3,29.1,59.4,49.6,73.4,5.7,96.9,90.5,94.5,56.8
Indian Institute of Technology Bombay (IITB),India,L,118.0,149.0,58.5,86.0,14.4,79.1,4.3,1.3,52.3,64.5,52.5,56.3
University of Oslo,Norway,L,119.0,117.0,55.6,16.0,73.8,55.7,91.6,31.7,97.3,80.9,72.1,56.1
Queen Mary University of London,United Kingdom,L,120.0,145.0,48.3,36.9,30.4,62.8,99.5,99.2,92.5,21.4,95.6,55.8
Western University,Canada,XL,120.0,114.0,32.6,38.9,3.3,93.4,99.8,49.5,81.5,96.7,99.3,55.8
Qatar University,Qatar,M,122.0,173.0,29.8,50.6,68.1,48.2,100.0,96.5,89.4,98.6,74.0,55.7
RMIT University,Australia,XL,123.0,140.0,40.4,48.0,5.2,77.7,100.0,91.4,83.2,38.4,93.9,55.5
Sungkyunkwan University(SKKU),South Korea,L,123.0,145.0,57.9,70.7,80.5,41.3,17.5,41.7,54.2,36.5,79.1,55.5
University of Southern California,United States,XL,125.0,116.0,50.4,54.5,17.3,58.0,26.0,74.1,85.8,92.6,97.7,55.2
Humboldt-Universität zu Berlin,Germany,XL,126.0,120.0,89.2,69.9,7.4,27.0,69.1,35.1,93.1,19.0,19.9,55.0
University College Dublin,Ireland,L,126.0,171.0,51.4,43.5,16.6,46.4,99.1,74.8,87.2,89.8,95.6,55.0
Stockholm University,Sweden,L,128.0,118.0,52.5,21.0,26.7,64.5,80.7,89.8,95.7,86.6,58.7,54.8
Newcastle University,United Kingdom,L,129.0,110.0,50.0,59.3,39.2,38.7,89.5,68.6,97.1,31.3,97.1,54.5
"University of California, Davis",United States,XL,130.0,118.0,63.0,48.0,23.5,52.5,72.7,51.3,90.6,22.8,76.1,54.4
University of Basel,Switzerland,M,131.0,124.0,26.6,13.5,61.4,94.5,100.0,85.8,89.4,69.9,44.6,54.3
Sapienza University of Rome,Italy,XL,132.0,134.0,80.7,48.5,5.0,45.3,3.1,8.0,97.1,88.0,72.3,54.2
Alma Mater Studiorum - University of Bologna,Italy,XL,133.0,154.0,80.8,47.8,3.7,46.6,14.5,12.3,96.0,53.8,88.4,54.1
Macquarie University,Australia,L,133.0,130.0,33.4,39.2,9.1,79.6,99.9,91.6,90.9,54.1,95.0,54.1
University of Science and Technology of China,China (Mainland),L,133.0,137.0,50.0,23.7,94.7,97.7,11.6,5.1,75.7,31.9,11.9,54.1
Eindhoven University of Technology,Netherlands,M,136.0,124.0,28.7,72.1,35.7,79.3,100.0,82.7,70.8,24.2,29.8,54.0
University of Vienna,Austria,XL,137.0,130.0,70.9,40.4,23.2,13.0,100.0,92.0,96.0,89.7,60.9,53.9
Universiti Kebangsaan Malaysia (UKM),Malaysia,L,138.0,159.0,61.7,66.4,80.4,14.1,45.7,78.8,83.7,22.5,64.4,53.8
Chalmers University of Technology,Sweden,M,139.0,129.0,26.3,50.4,50.5,77.4,100.0,63.1,77.0,31.7,87.0,53.7
Universidad de Chile,Chile,XL,139.0,159.0,82.8,90.0,8.0,11.2,8.5,4.5,77.1,96.1,64.1,53.7
Lancaster University,United Kingdom,L,141.0,122.0,38.9,36.7,27.7,69.6,93.3,92.3,89.7,28.8,96.2,53.6
Leiden University,Netherlands,XL,141.0,126.0,68.4,32.9,21.3,54.5,85.0,51.7,95.2,48.8,25.5,53.6
Rice University,United States,M,141.0,145.0,39.1,27.3,62.5,87.9,77.5,94.1,62.2,29.5,20.6,53.6
Aarhus University,Denmark,L,144.0,143.0,54.7,27.6,30.8,63.8,89.8,11.9,96.1,69.5,76.4,53.3
Nanjing University,China (Mainland),XL,145.0,141.0,57.1,32.5,35.6,93.0,61.9,7.6,67.1,29.0,16.5,53.0
Universiti Sains Malaysia (USM),Malaysia,L,146.0,137.0,63.3,69.7,46.4,19.6,24.3,96.4,87.8,20.1,71.2,52.7
Technische Universität Berlin (TU Berlin),Germany,L,147.0,154.0,55.3,74.3,58.0,22.1,63.2,74.8,86.1,37.7,35.4,52.5
Universiti Putra Malaysia (UPM),Malaysia,L,148.0,158.0,61.0,61.9,58.8,25.7,36.1,92.0,80.5,17.5,53.5,52.3
King Abdulaziz University (KAU),Saudi Arabia,XL,149.0,143.0,59.8,61.4,41.6,34.4,89.3,9.5,93.1,35.9,58.4,52.2
Indian Institute of Technology Delhi (IITD),India,M,150.0,197.0,54.1,80.9,17.3,77.4,3.1,1.5,63.3,35.1,32.7,52.1
University of Bath,United Kingdom,L,150.0,148.0,35.8,67.9,18.3,52.0,94.3,80.0,84.2,35.2,90.4,52.1
Michigan State University,United States,XL,152.0,136.0,59.5,48.6,11.4,50.3,54.5,12.4,97.5,57.1,96.3,51.9
Nagoya University,Japan,L,152.0,176.0,63.2,65.8,84.7,25.4,14.5,19.6,64.8,21.5,75.0,51.9
Texas A&M University,United States,XL,154.0,134.0,61.2,66.0,4.4,64.3,21.9,12.1,92.6,44.4,39.5,51.8
University of Geneva,Switzerland,L,155.0,128.0,45.5,17.2,40.4,62.4,100.0,97.6,94.2,49.5,42.3,51.6
"University of North Carolina, Chapel Hill",United States,XL,155.0,132.0,61.4,36.5,72.9,47.2,23.5,11.1,91.6,55.2,44.6,51.6
Wageningen University & Research,Netherlands,L,155.0,151.0,42.1,23.8,98.6,41.3,59.4,81.2,97.9,21.1,92.3,51.6
Erasmus University Rotterdam,Netherlands,L,158.0,176.0,37.0,58.2,18.1,63.3,76.0,70.0,85.4,89.3,28.7,51.5
Université de Montréal,Canada,XL,159.0,141.0,55.5,32.8,76.0,19.3,87.6,54.1,84.9,54.2,91.4,51.3
University of Groningen,Netherlands,XL,159.0,139.0,52.3,34.4,49.3,41.2,93.2,83.5,94.1,40.0,40.1,51.3
University of Bern,Switzerland,M,161.0,126.0,29.7,16.1,45.9,99.3,100.0,38.0,93.8,30.7,52.1,51.2
Hanyang University,South Korea,L,162.0,164.0,43.0,78.0,77.1,28.5,17.4,57.6,63.0,43.3,85.8,51.1
Al-Farabi Kazakh National University,Kazakhstan,L,163.0,230.0,54.2,79.6,99.3,1.4,49.0,54.2,64.7,59.6,29.8,51.0
Complutense University of Madrid,Spain,XL,164.0,171.0,68.1,68.1,28.7,7.9,10.5,34.3,91.8,96.3,88.9,50.9
Universitat de Barcelona,Spain,XL,165.0,164.0,73.7,30.3,12.4,38.1,23.1,26.3,96.8,71.5,92.2,50.7
University of Liverpool,United Kingdom,L,165.0,176.0,46.1,39.4,37.8,36.6,88.3,85.4,97.2,36.3,95.6,50.7
Kyushu University,Japan,L,167.0,164.0,58.3,66.5,78.4,27.9,18.7,14.1,69.9,15.1,77.6,50.3
University of Wollongong,Australia,L,167.0,162.0,29.5,24.5,17.0,94.6,91.8,56.3,89.0,18.3,93.9,50.3
Ghent University,Belgium,XL,169.0,159.0,53.2,24.8,78.5,21.5,79.7,21.4,99.5,72.9,98.3,50.1
The University of Exeter,United Kingdom,L,169.0,153.0,42.9,45.0,30.2,42.5,91.0,72.2,95.1,30.1,97.1,50.1
University of Cape Town,South Africa,L,171.0,173.0,45.2,51.8,13.8,46.8,56.5,19.2,97.3,95.8,95.6,50.0
University of Reading,United Kingdom,L,172.0,169.0,32.2,41.7,13.1,65.7,86.2,78.6,91.7,47.8,94.0,49.9
Hokkaido University,Japan,L,173.0,196.0,59.0,63.3,76.2,26.0,18.7,12.1,77.7,15.5,78.1,49.8
Curtin University,Australia,L,174.0,183.0,33.1,27.7,15.7,84.7,100.0,24.3,94.2,31.0,90.7,49.3
Universitat Autònoma de Barcelona,Spain,XL,175.0,149.0,64.0,35.8,11.5,59.5,18.5,16.5,93.1,24.0,86.7,49.2
McMaster University,Canada,L,176.0,189.0,39.5,34.2,63.8,35.6,96.2,56.7,82.6,49.9,91.9,49.0
Washington University in St. Louis,United States,L,171.0,154.0,36.3,12.0,99.7,47.7,85.4,72.4,83.6,31.9,86.7,49.9
"University of California, Santa Barbara (UCSB)",United States,L,178.0,163.0,52.6,21.3,7.7,97.8,75.4,17.2,71.2,7.9,28.4,48.9
"The University of Newcastle, Australia (UON)",Australia,L,179.0,173.0,28.3,24.5,28.7,91.7,99.9,24.2,82.0,14.8,92.4,48.7
Universidad de los Andes,Colombia,L,179.0,198.0,67.7,88.4,14.2,5.9,22.8,1.9,55.2,98.2,80.0,48.7
Universiti Teknologi Malaysia,Malaysia,L,181.0,188.0,48.6,59.6,46.0,40.5,14.1,86.9,82.9,18.0,52.1,48.5
Waseda University,Japan,XL,181.0,199.0,60.7,96.1,23.5,3.8,27.9,28.0,66.4,83.7,56.1,48.5
Hamad Bin Khalifa University,Qatar,S,183.0,310.0,12.9,4.7,99.9,100.0,100.0,100.0,74.3,6.0,2.6,48.3
University of York,United Kingdom,L,184.0,167.0,42.9,30.1,43.0,40.1,87.8,75.6,92.5,23.5,97.4,48.2
Tecnológico de Monterrey,Mexico,XL,185.0,184.0,53.8,91.4,62.5,2.4,20.8,10.6,56.6,96.1,54.4,48.1
Cardiff University,United Kingdom,L,186.0,154.0,46.8,43.2,36.1,30.0,82.8,67.7,92.3,18.9,96.0,47.6
École Normale Supérieure de Lyon,France,S,187.0,184.0,29.8,16.3,97.0,93.5,59.0,11.7,70.3,14.0,6.6,47.5
Keio University,Japan,XL,188.0,214.0,53.0,91.6,57.2,5.1,9.4,10.2,57.5,91.4,59.0,47.4
University of Ottawa,Canada,XL,189.0,203.0,26.2,23.3,3.5,81.3,91.7,77.8,93.0,39.8,92.9,47.3
Technische Universität Wien,Austria,M,190.0,184.0,33.9,50.4,12.5,73.8,85.5,90.4,71.6,19.1,11.3,47.2
Universität Hamburg,Germany,L,191.0,205.0,50.7,35.7,16.5,54.7,40.2,20.4,93.4,42.8,90.6,47.1
Tongji University,China (Mainland),XL,192.0,216.0,31.8,16.9,29.1,96.9,54.5,26.5,72.9,24.0,81.4,46.9
Queen's University at Kingston,Canada,L,193.0,209.0,40.8,56.7,5.4,42.6,69.2,26.6,71.2,87.1,93.8,46.8
University of Gothenburg,Sweden,L,194.0,187.0,35.4,18.3,60.9,33.6,90.0,78.2,94.2,63.1,92.8,46.7
Wuhan University,China (Mainland),XL,194.0,194.0,39.2,40.5,14.0,91.9,39.2,4.9,78.2,46.5,22.2,46.7
Emory University,United States,L,196.0,166.0,25.2,19.0,93.8,78.4,52.2,33.9,85.6,22.8,37.0,46.6
Deakin University,Australia,XL,197.0,233.0,31.3,23.9,4.6,73.6,96.4,63.8,82.7,36.8,93.7,46.4
Universidad Autónoma de Madrid,Spain,XL,198.0,199.0,61.0,64.3,29.1,21.0,7.7,10.4,92.0,43.1,79.6,46.3
University of Calgary,Canada,XL,198.0,182.0,37.9,44.5,18.1,40.3,77.7,66.2,85.2,53.3,93.3,46.3
Arizona State University,United States,XL,200.0,179.0,48.6,44.1,7.4,47.1,52.1,37.2,95.7,23.6,96.3,46.2
King Saud University,Saudi Arabia,XL,200.0,203.0,39.4,28.7,54.3,40.0,99.4,15.0,95.1,99.0,33.0,46.2
American University of Sharjah,United Arab Emirates,M,332.0,364.0,20.9,38.6,19.1,23.9,100.0,100.0,48.1,48.0,16.5,33.6
Université catholique de Louvain (UCLouvain),Belgium,L,203.0,180.0,48.4,25.9,4.6,55.0,91.0,47.6,89.9,76.4,27.1,46.0
University of Minnesota Twin Cities,United States,XL,203.0,195.0,56.8,33.1,32.4,41.9,7.7,8.7,91.7,52.5,96.5,46.0
Ecole des Ponts ParisTech,France,S,205.0,192.0,8.9,58.5,99.0,62.6,43.5,96.5,37.3,59.5,10.8,45.8
Queen's University Belfast,United Kingdom,L,206.0,202.0,35.4,33.6,28.6,40.6,100.0,98.2,92.8,9.9,88.9,45.7
Universitas Indonesia,Indonesia,XL,206.0,237.0,53.8,79.2,55.7,2.1,88.3,7.1,37.2,77.3,32.7,45.7
The Ohio State University,United States,XL,208.0,151.0,58.6,50.4,39.5,31.2,13.4,10.6,94.6,45.3,50.8,45.6
Tel Aviv University,Israel,L,209.0,215.0,32.0,18.6,4.2,99.4,39.7,7.0,77.9,88.4,46.2,45.2
National Tsing Hua University,Taiwan,M,210.0,233.0,54.8,71.2,28.0,49.6,9.5,11.1,45.0,16.3,32.1,45.1
Indian Institute of Science,India,S,211.0,225.0,45.7,26.3,37.9,99.9,3.7,1.5,39.1,13.1,23.7,45.0
Albert-Ludwigs-Universitaet Freiburg,Germany,L,212.0,192.0,43.1,24.5,24.6,52.2,67.6,33.7,92.3,32.5,90.0,44.8
Queensland University of Technology (QUT),Australia,XL,213.0,189.0,39.8,33.1,8.1,59.9,97.9,20.7,83.4,19.0,89.4,44.7
University of Otago,New Zealand,L,214.0,206.0,45.0,24.6,12.8,38.8,100.0,37.6,79.5,59.1,96.0,44.4
National Cheng Kung University (NCKU),Taiwan,L,215.0,228.0,51.5,74.0,33.4,20.3,16.3,13.9,58.7,42.4,83.8,44.2
University of Florida,United States,XL,215.0,168.0,46.7,42.3,62.9,32.1,17.8,10.3,98.3,44.5,60.6,44.2
La Trobe University,Australia,L,217.0,242.0,23.6,19.8,8.0,77.7,92.6,95.0,78.6,19.6,78.4,44.1
"University of Maryland, College Park",United States,XL,218.0,169.0,48.6,29.4,32.5,55.0,20.9,16.2,92.3,41.2,54.4,44.0
National Yang Ming Chiao Tung University,Taiwan,L,219.0,217.0,32.9,62.7,51.1,52.7,19.6,19.2,53.7,58.3,38.8,43.9
Universidad Nacional de Colombia,Colombia,XL,219.0,226.0,71.0,89.9,5.4,3.4,5.6,1.4,65.9,42.6,53.1,43.9
Vrije Universiteit Amsterdam,Netherlands,XL,221.0,207.0,39.4,17.8,21.3,63.7,67.3,47.4,89.0,45.1,50.8,43.8
Eberhard Karls Universität Tübingen,Germany,L,222.0,213.0,46.0,30.7,87.1,20.5,76.1,26.2,93.8,30.9,33.0,43.7
Indian Institute of Technology Kharagpur (IIT-KGP),India,L,222.0,271.0,34.0,51.1,9.0,90.2,1.1,1.1,69.3,33.0,44.3,43.7
Friedrich-Alexander-Universität Erlangen-Nürnberg,Germany,L,224.0,229.0,25.8,27.7,3.2,94.9,27.2,48.8,87.1,19.6,74.5,43.6
Loughborough University,United Kingdom,L,224.0,212.0,29.7,55.3,23.8,32.4,87.1,68.6,87.1,23.2,93.8,43.6
University of Lausanne,Switzerland,L,224.0,220.0,28.4,18.8,36.8,61.0,100.0,54.2,79.8,51.8,51.2,43.6
Indian Institute of Technology Madras (IITM),India,M,227.0,285.0,42.4,63.2,20.3,70.3,3.9,1.6,37.5,27.0,44.6,43.5
Rheinische Friedrich-Wilhelms-Universität Bonn,Germany,L,227.0,239.0,52.8,24.1,62.7,17.2,44.3,38.9,94.7,35.4,83.2,43.5
Chulalongkorn University,Thailand,XL,229.0,211.0,68.2,35.9,31.7,7.5,18.7,3.0,79.6,93.6,73.2,43.4
Maastricht University,Netherlands,L,230.0,256.0,23.0,27.8,13.2,62.8,99.4,100.0,80.5,38.2,52.5,43.0
Universite libre de Bruxelles,Belgium,XL,230.0,189.0,33.3,34.5,3.0,49.9,98.7,84.4,87.5,65.5,25.2,43.0
Universidade Estadual de Campinas (Unicamp),Brazil,XL,232.0,220.0,71.8,40.3,14.7,24.3,10.7,2.7,85.4,25.1,65.9,42.9
University of Twente,Netherlands,M,233.0,210.0,20.7,32.0,43.3,61.3,100.0,90.4,87.6,20.0,13.8,42.7
Technische Universität Dresden,Germany,L,234.0,246.0,36.3,42.5,80.3,28.5,35.8,27.6,93.8,8.8,75.8,42.6
University of Waikato,New Zealand,M,235.0,250.0,19.1,11.7,12.4,84.7,99.0,56.9,55.1,46.4,89.5,42.5
Università di Padova,Italy,XL,236.0,219.0,58.9,27.3,8.5,45.7,9.2,11.1,94.9,18.8,87.7,42.3
University of Aberdeen,United Kingdom,L,236.0,208.0,30.5,28.8,32.7,32.0,94.5,92.6,88.5,22.2,96.5,42.3
University of Rochester,United States,M,236.0,224.0,22.6,20.8,99.1,33.6,63.9,93.8,64.3,40.4,63.7,42.3
Gadjah Mada University,Indonesia,XL,239.0,263.0,54.4,73.5,57.6,1.7,40.3,4.1,38.1,69.0,26.8,41.8
Massey University,New Zealand,M,239.0,239.0,30.1,14.0,48.0,27.4,98.5,95.2,85.1,49.2,91.4,41.8
Politecnico di Torino,Italy,XL,241.0,252.0,40.2,52.1,3.1,51.6,4.9,41.0,81.4,30.6,77.9,41.7
Technical University of Darmstadt,Germany,L,241.0,246.0,20.0,35.9,6.7,70.0,60.3,81.4,65.9,44.4,71.8,41.7
Dartmouth College,United States,M,243.0,237.0,22.8,31.0,65.8,60.6,9.2,40.9,42.5,68.8,71.2,41.3
Victoria University of Wellington,New Zealand,L,244.0,241.0,42.8,21.4,10.1,32.1,100.0,31.0,70.7,71.6,91.4,41.2
University of Macau,Macau SAR,L,245.0,254.0,11.9,10.5,9.8,99.1,100.0,99.9,57.0,50.3,7.7,41.1
Charles University,Czech Republic,XL,246.0,248.0,45.6,49.1,32.2,8.0,25.0,50.5,96.3,65.5,77.4,41.0
University of Sussex,United Kingdom,L,246.0,218.0,22.6,10.4,15.5,56.8,99.6,84.9,84.7,39.9,97.7,41.0
Vanderbilt University,United States,L,248.0,261.0,24.4,21.8,100.0,53.0,30.1,36.0,78.6,34.7,24.5,40.8
University of Navarra,Spain,L,249.0,280.0,30.6,68.0,49.6,14.7,24.8,73.8,63.6,75.8,42.3,40.7
American University of Beirut (AUB),Lebanon,M,250.0,226.0,28.6,29.5,48.5,28.9,63.2,37.0,73.1,97.0,80.5,40.6
Taylor's University,Malaysia,S,251.0,284.0,27.0,81.0,71.5,10.1,64.8,99.6,41.4,4.2,22.2,40.5
Harbin Institute of Technology,China (Mainland),XL,252.0,256.0,27.1,21.1,33.7,99.8,8.0,5.0,68.6,28.3,14.6,40.3
Hong Kong Baptist University,Hong Kong SAR,M,252.0,295.0,18.2,12.0,60.0,61.4,98.9,100.0,37.0,15.7,54.4,40.3
University of Göttingen,Germany,L,252.0,232.0,46.4,27.1,76.4,16.2,49.7,22.4,95.1,40.3,32.1,40.3
Griffith University,Australia,L,255.0,243.0,27.0,13.7,8.4,62.5,99.8,38.5,92.1,17.9,96.4,40.1
Bandung Institute of Technology (ITB),Indonesia,L,256.0,281.0,43.2,72.7,55.8,2.6,94.4,3.8,26.3,49.2,37.6,39.9
Heriot-Watt University,United Kingdom,M,256.0,235.0,17.8,27.1,17.6,65.2,100.0,98.1,75.4,26.3,25.7,39.9
University of Warsaw,Poland,XL,258.0,262.0,50.0,53.6,46.4,5.5,10.5,8.4,84.1,60.0,69.8,39.8
Case Western Reserve University,United States,M,259.0,255.0,17.2,15.4,82.3,61.6,35.7,71.7,55.6,29.3,53.1,39.7
University of Lisbon,Portugal,XL,260.0,266.0,44.0,20.7,10.7,36.5,9.0,39.4,98.2,94.0,70.9,39.6
Canadian University Dubai,United Arab Emirates,S,523.0,551.0,20.1,19.9,33.5,2.7,100.0,100.0,14.0,17.4,1.6,23.5
University of Canterbury | Te Whare Wananga o Waitaha,New Zealand,L,261.0,256.0,34.7,27.3,10.4,31.4,100.0,27.7,63.0,82.3,91.1,39.4
Indian Institute of Technology Kanpur (IITK),India,M,263.0,278.0,36.9,56.9,14.0,73.3,2.6,1.1,38.8,19.6,22.0,39.3
Norwegian University of Science And Technology,Norway,XL,264.0,292.0,33.2,25.2,22.3,30.4,75.1,9.3,94.4,89.4,85.8,39.1
UCSI University,Malaysia,M,265.0,300.0,27.0,65.1,78.1,3.6,89.1,95.8,37.6,10.2,27.9,38.8
Universitat Pompeu Fabra (Barcelona),Spain,M,265.0,310.0,31.7,29.4,12.1,67.1,75.6,24.5,74.0,16.4,27.9,38.8
University of Antwerp,Belgium,L,267.0,248.0,24.1,11.3,37.5,48.1,94.4,32.0,94.6,44.8,74.8,38.7
University of Witwatersrand,South Africa,L,267.0,264.0,26.5,42.1,8.9,30.5,75.1,5.8,96.8,98.9,84.8,38.7
Tianjin University,China (Mainland),L,269.0,285.0,17.2,13.5,38.8,99.5,24.8,25.4,65.2,32.4,16.9,38.6
Universiti Teknologi PETRONAS (UTP),Malaysia,S,269.0,307.0,19.5,28.1,38.5,79.0,83.9,20.1,63.9,4.1,18.4,38.6
Beijing Normal University,China (Mainland),L,271.0,272.0,33.9,10.3,24.2,92.6,6.6,21.3,70.8,10.5,19.7,38.5
Radboud University,Netherlands,L,272.0,222.0,28.0,14.1,27.0,66.0,81.3,18.6,93.9,19.6,39.8,38.4
University College Cork,Ireland,L,273.0,292.0,30.1,35.1,22.1,28.5,89.0,52.1,69.1,34.0,91.0,38.3
University of Galway,Ireland,L,273.0,289.0,26.2,30.3,63.2,13.2,95.2,43.2,81.3,46.6,85.9,38.3
Dalhousie University,Canada,L,275.0,298.0,19.4,16.7,12.9,53.5,99.9,74.6,77.4,30.1,87.9,38.2
University of Massachusetts Amherst,United States,L,275.0,245.0,38.2,17.2,10.0,48.8,61.0,25.3,79.8,30.6,83.4,38.2
University of Pittsburgh,United States,L,275.0,222.0,35.0,12.7,96.3,31.3,9.5,13.5,91.7,42.6,53.5,38.2
University of Porto,Portugal,XL,278.0,253.0,41.3,17.9,10.8,59.6,6.6,19.8,95.1,39.1,53.1,38.1
Vrije Universiteit Brussel (VUB),Belgium,L,278.0,259.0,23.3,13.7,76.1,18.2,93.6,58.2,93.1,51.8,72.1,38.1
Ulsan National Institute of Science and Technology (UNIST),South Korea,S,280.0,266.0,13.6,13.5,87.9,98.1,29.3,9.6,24.8,3.3,16.1,38.0
The Hebrew University of Jerusalem,Israel,L,281.0,251.0,32.8,18.2,79.3,19.4,53.2,23.8,77.8,94.6,34.2,37.9
University of Strathclyde,United Kingdom,L,281.0,276.0,25.9,30.0,16.7,31.8,93.0,64.0,85.0,33.6,88.6,37.9
Université Paris 1 Panthéon-Sorbonne,France,XL,283.0,328.0,65.6,33.3,4.6,2.9,34.3,46.5,70.3,74.8,23.7,37.5
Southern University of Science and Technology,China (Mainland),M,284.0,301.0,9.3,2.5,89.7,98.8,37.5,1.4,48.3,1.6,31.6,37.3
Middle East Technical University,Turkey,L,285.0,336.0,31.2,70.2,9.0,22.3,12.0,18.3,74.7,77.5,69.5,37.2
Universidad Carlos III de Madrid (UC3M),Spain,L,285.0,319.0,33.5,56.3,49.5,4.1,64.8,52.3,66.3,20.7,68.3,37.2
University of Cologne,Germany,L,285.0,268.0,35.2,30.4,15.7,29.3,35.9,30.1,90.8,56.8,91.9,37.2
University of Leicester,United Kingdom,L,285.0,272.0,19.8,13.7,30.8,43.4,80.0,95.3,88.8,22.7,75.0,37.2
University of Milan,Italy,XL,285.0,276.0,52.8,17.0,6.4,39.6,6.5,6.8,85.5,44.1,74.8,37.2
University of Surrey,United Kingdom,L,285.0,244.0,19.7,17.9,22.8,55.2,97.1,87.1,86.4,20.4,28.4,37.2
Swinburne University of Technology,Australia,L,291.0,285.0,13.9,11.4,12.4,86.5,94.9,77.3,66.1,13.9,15.4,37.1
University of Bergen,Norway,L,291.0,281.0,31.6,8.3,64.9,28.3,93.3,16.9,90.7,63.9,33.6,37.1
The University of Arizona,United States,XL,293.0,285.0,37.3,22.2,44.4,38.8,31.6,15.1,94.1,37.1,40.4,37.0
University of Tasmania,Australia,M,293.0,307.0,16.0,7.4,22.1,59.8,79.9,89.7,80.0,15.9,85.6,37.0
Xi’an Jiaotong University,China (Mainland),XL,295.0,291.0,19.0,39.4,14.0,89.5,3.9,3.8,80.5,26.4,18.2,36.9
Stellenbosch University,South Africa,L,296.0,283.0,26.1,35.8,3.5,61.9,19.7,8.0,94.8,85.2,22.0,36.7
University of Virginia,United States,L,297.0,260.0,37.3,27.3,55.8,29.1,6.1,11.3,81.6,77.9,35.4,36.6
Bauman Moscow State Technical University,Russia,L,298.0,319.0,36.2,51.9,99.9,1.4,65.6,70.0,15.2,7.7,6.8,36.5
Swansea University,United Kingdom,L,298.0,307.0,23.1,43.1,25.1,27.9,71.0,59.6,82.3,8.3,91.8,36.5
Huazhong University of Science and Technology,China (Mainland),XL,300.0,275.0,20.4,28.2,7.9,99.9,5.2,2.7,79.4,17.6,15.0,36.4
Georgetown University,United States,L,301.0,297.0,29.3,41.9,63.0,14.0,28.0,37.3,62.5,90.9,37.0,36.3
Beijing Institute of Technology,China (Mainland),XL,302.0,340.0,23.2,24.3,43.4,82.0,5.7,6.7,68.6,14.3,10.1,35.9
Université Paris Cité,France,XL,302.0,236.0,27.8,6.2,9.2,87.0,12.0,35.2,99.2,15.2,18.4,35.9
Linköping University,Sweden,L,304.0,268.0,18.5,26.6,37.9,45.4,81.9,32.6,84.6,42.4,41.0,35.8
Universidade Federal do Rio de Janeiro,Brazil,XL,304.0,371.0,61.9,23.3,13.7,7.8,7.6,1.5,79.7,81.4,59.6,35.8
Aalborg University,Denmark,L,306.0,336.0,19.9,20.8,25.5,53.2,77.3,14.9,92.1,23.3,75.6,35.7
"University of California, Irvine",United States,XL,307.0,268.0,37.5,22.3,17.3,40.7,43.9,58.7,84.1,11.2,36.0,35.5
Airlangga University,Indonesia,XL,308.0,345.0,37.1,79.1,57.0,1.5,58.0,6.7,40.3,18.9,16.3,35.3
Goethe-University Frankfurt am Main,Germany,XL,309.0,302.0,43.2,33.2,24.4,15.9,37.4,24.1,90.4,20.2,75.0,35.2
Universität Innsbruck,Austria,L,309.0,362.0,20.3,7.8,73.1,9.3,100.0,100.0,71.5,55.8,61.6,35.2
North Carolina State University,United States,XL,311.0,274.0,26.7,25.4,9.8,63.4,55.0,17.0,78.1,21.5,35.7,35.1
Jagiellonian University,Poland,XL,312.0,304.0,37.8,46.4,65.1,5.5,5.7,15.4,88.6,51.3,35.4,35.0
University of Johannesburg,South Africa,L,312.0,306.0,17.7,17.9,40.3,24.9,96.5,51.4,98.0,63.1,65.6,35.0
Universität Stuttgart,Germany,L,314.0,312.0,23.1,33.0,6.8,55.2,36.0,46.8,70.4,21.7,65.3,34.9
Quaid-i-Azam University,Pakistan,M,315.0,315.0,17.3,42.4,3.2,93.6,7.0,1.9,65.0,21.0,3.4,34.8
RUDN University,Russia,L,316.0,342.0,24.4,48.7,92.0,2.1,8.0,92.2,89.7,10.0,24.0,34.7
Shandong University,China (Mainland),XL,316.0,360.0,16.6,35.5,16.7,88.2,8.2,3.1,64.1,20.7,19.7,34.7
University of Notre Dame,United States,L,316.0,304.0,25.8,25.2,60.8,29.2,22.3,18.4,70.1,60.2,68.9,34.7
Simon Fraser University,Canada,L,319.0,318.0,24.0,11.4,6.2,36.6,97.0,83.9,76.8,22.8,89.8,34.6
University of Colorado Boulder,United States,XL,320.0,264.0,36.1,17.5,38.3,34.9,32.2,4.9,86.3,31.6,62.8,34.4
L.N. Gumilyov Eurasian National University (ENU),Kazakhstan,L,321.0,355.0,34.4,62.0,92.6,1.4,68.7,8.2,22.8,5.5,10.5,34.2
National Technical University of Athens,Greece,L,321.0,347.0,21.3,44.9,4.6,76.0,1.3,4.6,72.7,39.6,5.0,34.2
Universidad Politécnica de Madrid (UPM),Spain,XL,321.0,349.0,31.3,56.5,16.7,11.4,3.2,32.1,81.1,60.7,86.3,34.2
University of Miami,United States,L,324.0,278.0,19.0,29.5,50.0,39.3,66.7,16.9,81.6,43.8,27.9,34.1
University of Southern Denmark (SDU),Denmark,L,324.0,326.0,20.2,15.9,22.3,49.3,85.5,24.1,81.1,21.3,73.2,34.1
Daegu Gyeongbuk Institute of Science and Technology (DGIST),South Korea,S,326.0,307.0,10.5,11.8,84.1,99.9,6.6,3.3,12.3,2.7,3.1,34.0
Istanbul Technical University,Turkey,L,326.0,404.0,27.0,67.2,9.7,17.0,8.3,19.8,76.1,69.1,70.3,34.0
Kyung Hee University,South Korea,L,328.0,332.0,23.2,37.1,82.1,15.1,14.3,53.4,54.5,13.8,80.5,33.8
Rutgers University–New Brunswick,United States,XL,328.0,299.0,36.2,28.1,46.3,12.8,18.0,28.2,78.0,25.7,95.4,33.8
University of Delhi,India,L,328.0,407.0,38.1,35.3,4.3,25.9,1.3,1.5,75.1,96.0,70.6,33.8
Sun Yat-sen University,China (Mainland),XL,331.0,323.0,31.8,28.8,46.4,49.5,2.2,3.6,77.4,21.4,15.9,33.7
Abu Dhabi University,United Arab Emirates,S,501.0,580.0,15.9,24.6,14.9,16.7,100.0,99.8,27.3,8.3,1.5,24.1
University of East Anglia (UEA),United Kingdom,L,332.0,295.0,17.2,7.2,15.2,58.7,66.8,32.2,87.9,19.2,91.4,33.6
Université Grenoble Alpes,France,XL,334.0,294.0,44.7,14.3,7.9,41.7,20.2,35.1,94.9,20.7,21.5,33.5
Indian Institute of Technology Roorkee (IITR),India,M,335.0,369.0,19.4,29.0,6.8,93.8,1.3,2.0,44.3,6.4,37.9,33.4
Flinders University,Australia,L,336.0,380.0,13.5,5.6,7.2,51.8,97.2,88.8,80.8,7.4,87.4,33.3
Lappeenranta-Lahti University of Technology LUT,Finland,M,336.0,351.0,6.4,9.4,9.5,97.6,56.8,28.5,55.6,7.9,55.8,33.3
Sichuan University,China (Mainland),XL,336.0,355.0,20.4,12.3,10.3,98.5,7.1,4.9,71.3,12.9,11.0,33.3
University of the Philippines,Philippines,XL,336.0,404.0,36.3,65.3,31.1,1.9,1.6,1.1,60.9,65.6,67.7,33.3
University of Saskatchewan,Canada,L,340.0,345.0,11.1,5.3,18.2,57.0,77.3,49.5,82.3,32.1,90.7,33.2
University of South Australia,Australia,L,340.0,326.0,21.3,12.7,24.9,31.9,99.8,50.9,85.5,15.5,83.6,33.2
Brunel University London,United Kingdom,L,342.0,343.0,11.1,13.3,7.1,46.5,99.1,99.8,77.9,19.9,71.2,33.0
Sharif University of Technology,"Iran, Islamic Republic of",M,342.0,334.0,11.5,33.6,5.1,99.9,2.9,1.2,61.4,28.2,1.3,33.0
Indian Institute of Technology Guwahati (IITG),India,M,344.0,364.0,18.8,32.0,6.4,97.6,2.3,1.2,51.2,4.9,2.2,32.9
Tufts University,United States,L,344.0,379.0,16.9,7.7,53.5,45.7,23.5,38.1,60.2,56.1,81.0,32.9
University of Oulu,Finland,M,344.0,313.0,15.1,13.5,25.3,59.4,65.3,8.6,89.4,21.7,68.6,32.9
Tilburg University,Netherlands,L,347.0,371.0,14.7,32.5,10.5,55.1,98.4,60.6,56.8,14.3,15.2,32.8
University of Naples - Federico II,Italy,XL,347.0,335.0,36.6,19.7,4.2,65.1,2.2,1.1,92.5,7.3,20.1,32.8
University of Victoria (UVic),Canada,L,349.0,322.0,17.0,7.7,3.9,62.5,94.7,40.9,54.2,11.3,82.9,32.6
Cairo University,Egypt,XL,350.0,371.0,45.8,41.0,8.8,3.0,2.9,7.2,86.4,95.5,47.2,32.5
Sciences Po,France,L,350.0,319.0,16.8,34.8,81.1,2.8,52.7,97.2,31.4,97.7,7.2,32.5
"City, University of London",United Kingdom,L,352.0,328.0,20.8,21.3,5.6,31.2,95.8,98.9,66.4,54.8,23.2,32.4
National University of Sciences And Technology (NUST) Islamabad,Pakistan,L,353.0,367.0,20.4,71.6,68.8,14.5,4.3,4.0,73.6,2.8,44.9,32.3
University of Pretoria,South Africa,XL,354.0,323.0,23.9,48.8,4.0,15.5,33.3,8.2,98.1,80.1,79.6,32.2
Indiana University Bloomington,United States,XL,355.0,313.0,33.4,23.6,23.3,29.1,36.3,10.8,86.6,56.8,32.7,32.1
University of Coimbra,Portugal,L,355.0,351.0,29.4,10.8,10.3,49.8,8.1,22.9,91.2,31.1,75.8,32.1
University of Luxembourg,Luxembourg,M,355.0,381.0,9.2,4.5,80.8,25.2,100.0,100.0,70.1,52.8,3.1,32.1
University of Tartu,Estonia,M,358.0,358.0,22.9,10.5,93.7,10.8,48.6,15.1,88.8,85.7,18.0,32.0
Gwangju Institute of Science and Technology (GIST),South Korea,S,359.0,328.0,13.8,9.0,38.6,100.0,18.6,8.8,27.0,2.2,9.9,31.9
Pontificia Universidad Católica del Perú,Peru,L,359.0,336.0,48.4,61.6,33.2,1.6,4.0,1.3,38.1,33.0,29.6,31.9
University of Aveiro,Portugal,L,359.0,344.0,13.9,5.6,11.1,90.6,4.2,15.3,89.0,2.7,57.7,31.9
Sultan Qaboos University,Oman,M,362.0,454.0,18.6,17.1,55.6,21.9,100.0,3.2,78.8,51.5,55.4,31.7
Xiamen University,China (Mainland),XL,362.0,392.0,23.6,16.2,19.0,72.2,5.1,3.1,62.6,46.0,15.4,31.7
York University,Canada,XL,362.0,353.0,22.7,18.6,3.9,22.6,53.1,78.7,65.5,76.3,86.5,31.7
Saint Petersburg State University,Russia,L,365.0,315.0,36.3,30.5,59.4,4.6,4.9,38.9,83.9,71.7,3.2,31.6
University of Illinois at Chicago (UIC),United States,L,365.0,323.0,38.5,28.3,31.1,23.3,8.0,19.3,83.8,30.5,34.8,31.6
Westfälische Wilhelms-Universität Münster,Germany,L,367.0,384.0,31.6,22.8,64.5,10.0,30.5,4.5,82.0,35.8,66.8,31.5
Mahidol University,Thailand,L,368.0,382.0,44.1,21.8,81.1,4.7,4.9,4.2,57.2,9.8,57.7,31.4
University of Jordan,Jordan,XL,368.0,498.0,32.9,46.7,19.5,3.5,21.2,43.5,67.0,82.1,39.5,31.4
University of Tehran,"Iran, Islamic Republic of",XL,368.0,360.0,20.6,26.8,3.0,79.1,2.0,2.0,86.2,23.1,4.7,31.4
George Washington University,United States,L,371.0,340.0,25.2,28.8,27.3,27.5,24.6,34.4,79.5,74.5,27.3,31.3
Lincoln University,New Zealand,S,371.0,362.0,8.2,5.0,31.8,52.1,100.0,96.3,20.2,40.0,48.9,31.3
Universitat Politècnica de Catalunya · BarcelonaTech (UPC),Spain,L,371.0,354.0,31.8,27.7,38.9,16.7,10.1,19.8,85.3,26.3,82.5,31.3
University of Turin,Italy,XL,371.0,364.0,41.5,7.2,3.2,33.3,4.1,5.3,87.5,51.7,83.6,31.3
University of Florence,Italy,XL,375.0,358.0,34.6,8.4,4.4,46.6,7.3,12.3,88.5,30.3,74.5,31.2
University of Turku,Finland,L,375.0,315.0,27.8,12.1,52.3,29.3,33.2,4.4,86.3,39.9,52.5,31.2
Nankai University,China (Mainland),XL,377.0,384.0,18.5,9.8,25.4,82.9,12.3,2.7,51.1,37.9,11.5,31.1
Pontificia Universidad Javeriana,Colombia,L,377.0,347.0,45.3,56.6,26.3,1.6,3.4,2.5,42.2,78.3,11.3,31.1
University of Tsukuba,Japan,L,377.0,355.0,36.6,22.5,54.7,17.3,12.4,19.3,66.9,9.8,63.4,31.1
Technische Universität Bergakademie Freiberg,Germany,S,380.0,,4.9,4.8,3.5,99.1,41.4,100.0,41.6,1.9,1.1,30.8
University of Kent,United Kingdom,L,380.0,336.0,15.4,10.0,14.6,45.7,95.1,49.8,78.8,34.0,40.4,30.8
University of Pisa,Italy,L,382.0,349.0,40.4,15.1,8.6,38.8,5.9,4.2,88.3,15.0,56.7,30.7
Anna University,India,L,383.0,427.0,10.0,12.0,5.5,100.0,,1.3,89.2,5.9,24.7,30.6
Western Sydney University,Australia,XL,384.0,375.0,19.9,14.2,4.8,31.0,100.0,45.5,87.4,8.9,89.2,30.5
South China University of Technology,China (Mainland),XL,385.0,392.0,12.1,6.6,20.0,97.8,10.7,4.6,51.3,27.3,7.3,30.4
Universiti Brunei Darussalam (UBD),Brunei,S,385.0,387.0,20.2,8.8,92.9,9.9,100.0,46.5,35.4,56.5,12.7,30.4
Belarusian State University,Belarus,L,387.0,387.0,28.4,40.7,93.0,1.3,3.8,59.3,36.4,38.2,1.0,30.3
Universidade Nova de Lisboa,Portugal,L,388.0,400.0,28.7,21.8,15.9,23.9,25.3,57.0,86.3,48.7,38.2,30.2
Università Vita-Salute San Raffaele,Italy,S,389.0,595.0,3.3,1.8,94.4,88.5,4.4,4.3,39.2,2.1,1.2,30.1
University of Cyprus (UCY),Cyprus,M,389.0,368.0,10.0,4.7,4.5,75.0,93.8,20.0,73.4,42.1,5.8,30.1
Virginia Polytechnic Institute and State University,United States,XL,389.0,302.0,26.4,26.2,18.9,28.4,71.8,16.5,82.6,24.0,34.8,30.1
National Taiwan University of Science and Technology (Taiwan Tech),Taiwan,M,392.0,387.0,27.6,37.9,43.5,29.4,19.7,25.5,29.8,19.9,38.8,30.0
National and Kapodistrian University of Athens,Greece,XL,393.0,444.0,26.7,33.2,2.1,31.0,9.9,15.9,86.6,85.8,29.3,29.9
"University of California, Santa Cruz",United States,L,393.0,332.0,17.7,5.9,7.4,65.3,53.4,7.0,64.5,6.1,83.6,29.9
"University of Rome ""Tor Vergata""",Italy,L,393.0,489.0,31.3,15.4,9.0,47.2,9.6,30.8,69.1,6.3,57.7,29.9
Northeastern University,United States,XL,396.0,375.0,19.2,11.8,15.4,24.6,51.6,96.4,67.3,44.0,72.3,29.7
Ruhr-Universität Bochum,Germany,XL,396.0,375.0,20.3,8.8,2.5,53.4,48.8,39.3,87.3,16.2,53.5,29.7
Sejong University,South Korea,L,396.0,436.0,10.8,16.1,11.9,76.9,23.8,31.2,64.1,1.8,45.9,29.7
Université de Liège,Belgium,L,396.0,421.0,17.0,11.8,9.6,38.0,50.3,53.0,94.6,23.6,81.2,29.7
University of Southern Queensland,Australia,M,396.0,410.0,8.8,5.7,4.8,73.1,84.1,23.0,81.0,8.6,43.0,29.7
Kazan (Volga region) Federal University,Russia,L,401.0,396.0,23.6,11.4,95.6,2.4,10.2,95.7,88.3,15.4,22.2,29.6
Koç University,Turkey,M,401.0,431.0,24.3,54.6,19.1,32.4,24.7,13.0,51.6,6.8,34.8,29.6
Amirkabir University of Technology,"Iran, Islamic Republic of",M,403.0,375.0,5.2,20.5,4.6,100.0,24.6,2.8,70.2,5.8,1.6,29.5
University of Canberra,Australia,M,403.0,421.0,14.3,7.7,2.4,51.2,79.6,69.4,63.1,5.6,70.9,29.5
Institut National des Sciences Appliquées de Lyon (INSA),France,M,405.0,392.0,7.4,28.7,33.7,60.6,29.2,58.3,59.5,14.4,2.4,29.3
Satbayev University,Kazakhstan,M,405.0,481.0,27.8,43.4,88.1,1.2,66.7,16.9,15.0,23.6,3.8,29.3
USI - Università della Svizzera italiana,Switzerland,S,405.0,328.0,6.1,4.6,73.5,40.7,100.0,100.0,39.3,2.1,1.1,29.3
"Birkbeck, University of London",United Kingdom,M,408.0,374.0,10.0,3.6,15.6,57.1,97.7,99.5,55.5,8.8,7.7,29.1
Masaryk University,Czech Republic,XL,408.0,400.0,23.5,31.7,9.5,13.8,27.6,66.7,80.2,36.0,79.1,29.1
HSE University,Russia,XL,410.0,399.0,24.0,38.4,84.8,1.8,6.6,13.5,83.6,13.0,44.6,29.0
The American University in Cairo,Egypt,M,410.0,415.0,32.1,31.1,35.5,5.2,97.0,3.8,29.4,75.6,14.6,29.0
Auckland University of Technology (AUT),New Zealand,L,412.0,407.0,19.3,11.2,10.6,21.7,100.0,99.8,52.6,12.4,72.6,28.9
Graz University of Technology,Austria,M,413.0,421.0,14.7,15.7,98.9,11.1,81.8,59.7,59.9,11.9,2.8,28.8
Yeshiva University,United States,S,413.0,369.0,3.1,2.8,65.3,91.6,31.4,13.5,6.6,3.0,15.8,28.8
Concordia University,Canada,XL,415.0,387.0,15.8,11.4,3.3,17.5,87.4,92.3,73.8,43.6,89.8,28.7
Oxford Brookes University,United Kingdom,L,416.0,413.0,30.7,37.6,13.7,7.0,67.5,67.4,68.4,20.5,13.2,28.6
Technion - Israel Institute of Technology,Israel,L,416.0,392.0,23.9,24.8,52.0,20.1,74.2,4.3,59.1,35.3,15.0,28.6
University of Dundee,United Kingdom,L,418.0,441.0,18.4,13.7,30.8,14.0,91.1,89.4,75.2,7.4,55.4,28.5
Bogaziçi University,Turkey,L,418.0,514.0,24.9,65.3,4.1,10.7,10.7,2.6,46.8,84.9,46.2,28.5
Czech Technical University in Prague,Czech Republic,L,420.0,454.0,22.0,42.4,80.6,3.6,19.9,50.2,59.4,15.6,5.8,28.4
Dublin City University,Ireland,L,421.0,436.0,20.1,26.0,25.8,10.7,75.0,22.6,75.4,35.3,82.5,28.3
University of Limerick,Ireland,L,421.0,426.0,18.3,25.5,15.7,23.0,87.1,30.8,72.5,8.0,76.4,28.3
Aston University,United Kingdom,L,423.0,446.0,12.5,18.5,9.0,34.4,94.2,53.8,79.2,19.6,46.9,28.1
Université Laval,Canada,L,423.0,441.0,19.2,8.1,26.0,23.8,55.8,41.6,80.2,36.4,78.4,28.1
National Taipei University of Technology,Taiwan,M,425.0,431.0,13.9,54.7,24.3,41.6,19.8,20.6,21.3,22.5,31.3,28.0
IPB University (a.k.a. Bogor Agricultural University),Indonesia,L,426.0,489.0,23.5,46.9,71.4,1.8,53.2,3.6,19.1,33.9,35.1,27.9
Leibniz University Hannover,Germany,L,426.0,481.0,21.2,32.0,17.9,17.4,46.3,26.9,78.5,14.5,82.1,27.9
Julius-Maximilians-Universität Würzburg,Germany,L,428.0,440.0,15.8,7.0,5.5,74.4,45.0,9.5,78.5,8.7,8.8,27.8
Southeast University,China (Mainland),XL,428.0,454.0,13.5,6.6,20.8,82.0,14.4,3.4,69.2,5.0,11.6,27.8
University of Science and Technology Beijing,China (Mainland),L,430.0,436.0,11.8,4.2,10.2,99.4,3.1,2.8,56.8,4.9,3.6,27.7
Central South University,China (Mainland),XL,431.0,452.0,8.6,4.1,5.5,99.7,6.4,4.0,67.5,14.1,3.9,27.6
Tomsk State University,Russia,M,431.0,418.0,22.0,13.5,99.0,4.2,21.6,91.6,64.1,4.4,1.4,27.6
University of Granada,Spain,XL,431.0,403.0,44.4,14.1,5.7,26.2,3.1,14.8,96.3,4.9,26.3,27.6
Ajman University,United Arab Emirates,S,477.0,551.0,17.3,42.2,9.6,3.2,100.0,100.0,48.4,9.8,1.4,25.1
IE University,Spain,M,435.0,428.0,8.1,49.3,46.5,2.2,95.2,100.0,3.5,65.6,4.6,27.4
Iran University of Science and Technology,"Iran, Islamic Republic of",L,436.0,451.0,7.8,14.0,2.7,98.7,12.0,1.5,53.4,5.3,1.6,27.2
Murdoch University,Australia,M,436.0,431.0,8.0,4.5,5.2,57.3,85.6,73.9,74.9,14.8,11.3,27.2
Universitat Politècnica de València,Spain,L,436.0,476.0,26.5,16.3,36.1,19.7,5.5,25.0,84.9,11.7,76.1,27.2
Vilnius University,Lithuania,L,439.0,473.0,19.1,23.5,74.7,3.3,12.4,13.6,75.5,83.7,27.1,27.1
Singapore University of Technology and Design,Singapore,S,440.0,429.0,7.4,5.3,99.0,66.0,,,31.2,4.6,1.1,27.0
Università degli Studi di Pavia,Italy,L,440.0,469.0,21.7,7.4,8.3,64.6,6.2,12.6,82.7,13.5,15.4,27.0
Colorado State University,United States,L,442.0,409.0,18.3,20.4,60.9,17.1,18.5,3.7,78.4,22.2,70.9,26.8
Novosibirsk State University,Russia,M,442.0,421.0,24.7,18.4,91.0,9.5,6.3,57.0,56.5,5.8,5.3,26.8
Università Cattolica del Sacro Cuore,Italy,L,442.0,505.0,24.2,35.5,27.6,19.2,15.5,7.1,60.5,32.3,54.8,26.8
James Cook University,Australia,M,445.0,415.0,14.4,6.5,17.5,46.9,36.7,16.0,76.0,6.7,88.9,26.7
Justus-Liebig-University Giessen,Germany,L,445.0,396.0,12.7,5.9,1.9,79.3,14.2,18.8,83.9,10.5,11.0,26.7
Universitat de Valencia,Spain,XL,445.0,485.0,35.6,11.0,12.0,19.9,2.1,24.3,89.3,8.4,79.3,26.7
Dalian University of Technology,China (Mainland),XL,448.0,491.0,9.6,3.8,18.1,88.1,11.5,2.9,55.9,14.4,8.0,26.6
Hunan University,China (Mainland),XL,448.0,494.0,7.9,10.3,15.2,90.6,4.6,1.8,46.5,23.1,2.7,26.6
Université de Montpellier,France,XL,448.0,382.0,18.6,3.4,8.5,57.2,22.8,29.9,99.5,13.1,17.3,26.6
University of Electronic Science and Technology of China,China (Mainland),XL,451.0,486.0,5.3,5.0,8.2,99.1,3.2,2.5,73.3,7.2,2.3,26.5
Beihang University (former BUAA),China (Mainland),L,452.0,473.0,12.1,7.8,41.5,72.1,7.0,4.5,51.2,12.8,4.3,26.4
National Taiwan Normal University,Taiwan,M,452.0,431.0,34.7,20.5,62.9,5.4,14.5,25.2,23.3,17.3,49.8,26.4
University of Kansas,United States,L,452.0,410.0,14.4,12.6,86.7,9.2,60.3,7.2,84.6,28.2,32.4,26.4
University of Stirling,United Kingdom,M,452.0,431.0,11.2,9.4,9.3,30.3,76.9,81.3,61.6,15.8,76.1,26.4
Moscow Institute of Physics and Technology (MIPT / Moscow Phystech),Russia,M,456.0,415.0,16.6,23.6,94.6,12.0,31.1,45.5,41.7,17.6,1.0,26.3
Umea University,Sweden,L,456.0,465.0,19.9,11.6,71.8,15.2,51.1,21.8,78.0,9.0,26.3,26.3
Université de Strasbourg,France,XL,456.0,421.0,39.1,10.3,5.1,20.7,34.2,35.9,90.7,20.4,5.4,26.3
University of Guelph,Canada,L,456.0,486.0,12.8,12.8,5.0,50.1,46.4,14.3,65.2,11.2,82.9,26.3
"Stony Brook University, State University of New York",United States,L,460.0,396.0,18.0,7.3,32.2,23.6,34.7,43.5,76.0,21.2,79.1,26.2
Universidad de Santiago de Chile (USACH),Chile,L,461.0,410.0,43.4,55.0,7.2,4.2,6.3,2.2,51.1,12.7,11.2,26.1
Tampere University,Finland,L,462.0,436.0,21.7,15.4,20.4,33.1,44.5,5.9,84.8,30.8,23.0,26.0
Universidad de Sevilla,Spain,XL,462.0,494.0,39.1,12.6,18.4,8.2,3.5,18.9,91.4,16.0,67.4,26.0
Macau University of Science and Technology,Macau SAR,L,464.0,505.0,4.4,3.4,3.9,56.4,100.0,100.0,26.2,29.5,11.3,25.9
Kobe University,Japan,L,465.0,476.0,28.4,33.2,43.9,11.4,7.0,5.6,55.0,15.0,49.8,25.8
Universität Konstanz,Germany,M,466.0,478.0,18.3,10.5,37.8,18.3,85.9,14.5,66.1,13.1,63.1,25.7
Universitat Ramon Llull,Spain,L,466.0,,11.0,52.0,8.7,8.1,93.6,43.1,32.6,71.7,20.1,25.7
University at Buffalo SUNY,United States,L,466.0,491.0,18.0,10.7,8.8,33.6,20.1,36.9,68.6,33.3,82.5,25.7
Washington State University,United States,L,466.0,419.0,23.3,20.0,15.5,33.5,47.1,5.0,77.3,8.6,29.6,25.7
Iowa State University,United States,L,470.0,400.0,20.7,12.0,9.1,47.9,7.5,12.5,77.3,32.9,31.3,25.6
Ben-Gurion University of The Negev,Israel,L,471.0,469.0,14.4,14.5,11.1,51.7,64.0,14.3,64.9,16.3,11.8,25.5
"Essex, University of",United Kingdom,L,472.0,459.0,15.5,5.2,12.7,22.6,99.8,98.6,75.1,14.0,13.2,25.3
Johannes Kepler University Linz,Austria,M,472.0,446.0,12.8,12.3,75.9,14.3,83.5,33.5,59.7,12.2,13.2,25.3
Bangor University,United Kingdom,M,474.0,481.0,8.6,5.8,12.1,43.0,40.7,52.3,75.0,8.1,82.9,25.2
Hiroshima University,Japan,L,474.0,472.0,24.1,12.3,75.9,8.9,13.2,12.9,70.1,6.9,50.8,25.2
Universität Potsdam,Germany,L,474.0,460.0,15.8,3.4,18.6,36.5,51.8,21.2,92.9,1.3,67.1,25.2
University of Sharjah,United Arab Emirates,L,434.0,465.0,18.1,17.3,6.0,22.0,100.0,100.0,84.8,11.2,11.8,27.5
Bilkent University,Turkey,M,477.0,502.0,24.0,52.1,13.3,15.2,61.4,3.7,38.3,19.3,10.6,25.1
Indian Institute of Technology Indore (IIT Indore),India,S,477.0,454.0,6.1,5.0,27.1,95.6,2.1,1.1,23.6,2.2,4.2,25.1
Royal Holloway University of London,United Kingdom,M,477.0,413.0,14.9,5.7,13.0,27.2,94.1,86.9,73.2,7.2,19.7,25.1
Aix-Marseille University,France,XL,481.0,387.0,36.9,6.5,7.9,21.7,17.5,18.2,99.1,15.2,25.5,25.0
Pontificia Universidad Católica Argentina,Argentina,L,481.0,514.0,19.9,29.4,99.9,1.1,1.9,6.7,12.5,85.7,1.0,25.0
"The University of Tennessee, Knoxville",United States,XL,481.0,446.0,10.1,8.2,9.5,76.3,4.9,2.4,77.3,11.0,15.0,25.0
China Agricultural University,China (Mainland),L,484.0,534.0,8.4,2.6,18.9,88.8,3.2,1.5,52.2,4.5,5.8,24.9
American University of Ras Al Khaimah ( AURAK ),United Arab Emirates,S,485.0,,4.6,3.3,35.5,46.8,100.0,100.0,15.4,4.1,1.1,24.8
National Sun Yat-sen University,Taiwan,M,485.0,505.0,26.5,24.9,32.0,22.1,22.7,10.8,35.6,11.4,48.9,24.8
Universität Mannheim,Germany,M,487.0,454.0,15.3,53.9,3.0,31.0,42.4,22.7,27.9,34.9,1.5,24.7
University of Hawai?i at Manoa,United States,L,488.0,386.0,15.2,6.6,29.7,41.7,41.7,12.0,82.9,7.9,30.1,24.6
Chongqing University,China (Mainland),XL,489.0,561.0,7.6,4.6,12.1,81.4,21.3,2.1,59.6,13.6,4.1,24.5
Chung-Ang University (CAU),South Korea,L,489.0,494.0,16.0,31.9,67.8,9.3,14.2,37.8,29.9,13.5,49.5,24.5
Isfahan University of Technology,"Iran, Islamic Republic of",M,489.0,,4.9,15.7,5.1,92.2,2.3,1.4,43.5,5.6,1.1,24.5
Shanghai University,China (Mainland),XL,489.0,514.0,20.3,13.1,50.8,30.5,40.9,5.3,58.7,8.9,10.5,24.5
UNESP,Brazil,XL,489.0,419.0,41.1,25.8,13.0,16.2,5.9,2.7,70.9,1.5,14.5,24.5
University of Jyväskylä,Finland,M,489.0,446.0,16.2,11.4,87.7,12.1,44.0,2.6,81.2,10.4,16.3,24.5
Central Queensland University (CQUniversity Australia),Australia,S,495.0,590.0,9.0,6.7,29.4,20.9,97.1,97.8,44.0,3.1,49.8,24.4
Duy Tan University,Vietnam,L,495.0,514.0,11.9,25.3,3.9,49.0,37.7,1.4,83.5,4.4,29.0,24.4
Jilin University,China (Mainland),XL,497.0,502.0,12.1,46.1,37.4,27.4,11.6,2.1,62.2,23.2,9.1,24.2
National Research Nuclear University MEPhI (Moscow Engineering Physics Institute),Russia,M,497.0,461.0,9.2,11.8,98.9,8.1,45.8,89.5,32.9,14.6,1.1,24.2
Universidad de Costa Rica,Costa Rica,XL,497.0,544.0,35.4,24.3,32.3,1.6,2.4,2.0,45.5,81.6,16.9,24.2
"University of California, Riverside",United States,L,497.0,404.0,16.3,9.4,6.6,50.9,47.9,10.4,77.3,3.7,21.3,24.2
Khalifa University of Science and Technology,United Arab Emirates,S,202.0,230.0,22.7,21.0,80.0,60.7,100.0,78.9,78.8,9.3,61.6,46.1
Colorado School of Mines,United States,M,501.0,465.0,6.8,12.5,15.8,72.0,29.7,7.4,30.9,17.7,18.0,24.1
East China Normal University,China (Mainland),L,501.0,511.0,13.3,4.7,16.2,63.5,24.1,9.0,72.0,9.0,6.8,24.1
Johannes Gutenberg Universität Mainz,Germany,L,501.0,464.0,22.3,11.4,57.8,11.5,42.0,15.5,87.0,11.4,16.3,24.1
University of Huddersfield,United Kingdom,L,501.0,567.0,12.7,12.4,7.5,19.4,63.7,85.6,73.0,1.3,72.3,24.1
University of Delaware,United States,L,506.0,498.0,9.4,7.9,6.6,53.9,30.0,12.6,66.5,16.9,65.3,24.0
University of Trento,Italy,L,506.0,429.0,24.9,10.5,22.0,32.7,29.6,6.1,85.8,4.4,19.0,24.0
Aristotle University of Thessaloniki,Greece,XL,508.0,530.0,28.2,26.1,4.3,15.8,1.7,4.1,90.5,38.3,44.3,23.9
Shenzhen University,China (Mainland),XL,508.0,595.0,7.7,3.2,42.1,64.5,11.0,1.4,65.1,15.8,7.4,23.9
SOAS University of London,United Kingdom,M,508.0,511.0,17.1,9.4,14.8,15.1,100.0,98.7,16.9,22.4,39.1,23.9
Ewha Womans University,South Korea,L,511.0,498.0,22.1,21.2,76.3,6.9,7.0,24.4,31.3,23.0,34.2,23.8
Zhengzhou University,China (Mainland),XL,511.0,,5.4,22.0,4.9,80.3,,2.4,56.3,5.7,2.4,23.8
Imam Abdulrahman Bin Faisal University (IAU) (formerly UNIVERSITY OF DAMMAM),Saudi Arabia,L,513.0,595.0,10.5,11.4,89.5,2.6,98.2,19.7,68.3,2.4,18.4,23.7
Prince Mohammad Bin Fahd university,Saudi Arabia,S,513.0,590.0,20.3,23.0,23.1,27.8,100.0,18.8,23.3,2.8,1.2,23.7
University of Milano-Bicocca,Italy,L,513.0,481.0,20.4,10.9,3.3,54.1,3.5,4.3,81.1,11.5,14.8,23.7
Ateneo de Manila University,Philippines,L,516.0,563.0,21.4,64.5,24.4,1.8,2.9,2.5,23.0,70.6,15.6,23.6
Edith Cowan University,Australia,L,516.0,529.0,8.5,6.8,4.8,49.8,78.5,57.7,64.5,4.7,5.8,23.6
INTI International University,Malaysia,S,516.0,556.0,7.7,19.9,89.1,1.7,95.4,92.9,7.0,4.4,1.1,23.6
Kyungpook National University,South Korea,L,516.0,520.0,11.1,16.7,66.9,20.5,11.1,25.7,52.0,10.6,60.6,23.6
Sabanci University,Turkey,S,516.0,526.0,19.5,44.6,38.2,19.4,32.0,14.2,25.9,7.2,7.9,23.6
University of Hull,United Kingdom,L,516.0,523.0,8.9,4.5,14.3,21.5,63.3,81.5,76.9,20.5,68.0,23.6
Ural Federal University - UrFU,Russia,XL,516.0,473.0,19.6,14.2,95.5,2.1,5.4,25.3,86.6,1.9,12.7,23.6
Pusan National University,South Korea,L,524.0,,18.7,16.5,43.5,19.5,10.5,13.7,57.7,13.8,65.0,23.4
Universidad Austral,Argentina,M,524.0,520.0,20.9,36.2,79.7,1.9,2.7,7.5,10.2,65.9,1.3,23.4
Universität Jena,Germany,L,526.0,461.0,17.2,5.7,99.9,8.8,,20.2,94.7,3.9,13.1,23.3
Missouri University of Science and Technology,United States,M,527.0,480.0,4.0,6.1,5.7,86.2,35.2,12.8,30.5,4.8,1.7,23.2
Universität Leipzig,Germany,L,527.0,479.0,23.5,9.7,74.8,8.4,,14.2,84.3,10.5,21.3,23.2
University of Bayreuth,Germany,M,527.0,509.0,10.2,15.7,50.3,25.8,54.8,21.2,75.1,9.0,11.3,23.2
Warsaw University of Technology,Poland,L,527.0,571.0,23.3,51.9,42.6,4.7,2.4,10.3,60.6,9.8,1.4,23.2
Coventry University,United Kingdom,XL,526.0,571.0,9.9,10.4,16.9,7.1,77.0,99.9,82.6,10.0,64.4,23.3
Indian Institute of Technology (BHU) Varanasi,India,M,531.0,571.0,5.5,5.9,3.9,95.0,1.4,1.1,24.5,6.5,10.1,23.1
University of Bradford,United Kingdom,M,531.0,,9.1,7.1,6.8,21.7,68.5,97.6,66.0,34.3,40.7,23.1
University of Utah,United States,XL,531.0,441.0,15.7,6.3,50.0,30.5,15.5,10.3,80.5,17.4,24.5,23.1
Universidad Nacional de La Plata (UNLP),Argentina,XL,534.0,540.0,40.8,19.2,28.4,1.9,5.3,22.6,55.4,27.3,2.2,23.0
Lahore University of Management Sciences (LUMS),Pakistan,S,535.0,540.0,17.2,73.2,27.1,7.4,12.2,1.8,19.5,37.0,1.1,22.9
Northumbria University at Newcastle,United Kingdom,L,535.0,548.0,10.9,10.8,11.8,15.8,70.7,56.2,78.4,14.0,75.3,22.9
University of Bordeaux,France,XL,535.0,465.0,31.3,5.5,11.5,17.6,27.1,23.3,92.9,16.7,20.1,22.9
University of Eastern Finland,Finland,L,535.0,548.0,13.8,7.6,43.7,18.4,37.4,5.2,86.4,4.2,78.6,22.9
Applied Science University - Bahrain,Bahrain,S,539.0,582.0,23.5,25.0,39.3,2.0,100.0,46.8,13.3,11.3,1.7,22.8
Hitotsubashi University,Japan,M,539.0,481.0,14.4,73.0,30.8,2.1,19.8,20.0,7.5,51.9,1.1,22.8
Sunway University,Malaysia,S,539.0,586.0,13.0,39.2,44.0,10.3,35.9,33.2,51.1,3.9,27.3,22.8
Université de Fribourg,Switzerland,M,539.0,563.0,10.3,3.0,7.5,25.4,99.9,38.3,58.3,40.6,51.8,22.8
University of Salamanca,Spain,L,539.0,534.0,26.9,14.6,26.0,6.2,6.9,14.9,80.0,23.4,69.5,22.8
Universidad de Zaragoza,Spain,L,544.0,523.0,21.3,5.1,56.1,7.0,4.5,9.0,89.5,10.7,77.1,22.7
Universidad Pontificia Comillas,Spain,M,544.0,582.0,8.3,71.6,38.3,2.2,18.7,5.0,9.0,85.4,7.1,22.7
Northwestern Polytechnical University,China (Mainland),XL,547.0,,5.8,3.2,44.8,63.8,16.7,5.2,53.4,6.6,2.4,22.6
Tashkent Institute of Irrigation and Agricultural Mechanization Engineers - National Research University (TIIAME-NRU),Uzbekistan,M,547.0,,30.6,19.9,79.0,2.2,26.3,4.1,8.6,15.1,9.5,22.6
University of Genoa,Italy,L,547.0,530.0,18.8,4.9,12.7,43.7,5.4,9.2,81.2,10.5,39.5,22.6
University of Iceland,Iceland,M,547.0,,6.8,2.5,99.9,6.7,25.7,10.3,73.5,83.2,5.9,22.6
University of Windsor,Canada,L,547.0,,3.9,3.9,2.2,36.2,88.7,83.8,51.1,25.8,38.5,22.6
United Arab Emirates University,United Arab Emirates,M,261.0,290.0,30.1,38.3,49.8,16.6,100.0,34.2,86.2,82.0,36.6,39.4
University of Tabriz,"Iran, Islamic Republic of",L,552.0,,5.9,5.0,3.4,81.7,1.5,6.8,71.8,5.3,1.2,22.5
Hasselt University,Belgium,M,554.0,551.0,5.8,3.3,82.1,15.4,74.2,25.3,69.6,2.4,26.8,22.4
Jordan University of Science & Technology,Jordan,M,554.0,,21.0,30.7,18.8,5.6,38.2,67.7,55.5,4.3,24.5,22.4
Universiti Utara Malaysia (UUM),Malaysia,M,554.0,538.0,22.0,25.4,38.8,8.2,19.4,79.3,34.1,12.3,5.3,22.4
University of Dhaka,Bangladesh,XL,554.0,,23.0,45.6,11.2,2.9,1.6,1.0,52.0,93.7,11.8,22.4
University Ulm,Germany,M,554.0,542.0,7.4,5.5,78.5,31.2,39.6,21.0,61.1,2.9,2.1,22.4
Peter the Great St. Petersburg Polytechnic University,Russia,L,559.0,534.0,16.0,10.9,74.3,2.9,14.1,84.0,64.7,4.9,11.2,22.3
Ulster University,United Kingdom,L,559.0,498.0,8.1,11.3,9.6,11.5,99.8,77.6,73.4,6.8,62.2,22.3
Umm Al-Qura University,Saudi Arabia,XL,559.0,,20.7,12.8,54.7,2.2,100.0,16.0,59.7,6.7,3.1,22.3
Université Claude Bernard Lyon 1,France,XL,562.0,452.0,18.1,3.7,7.9,48.3,7.4,12.0,93.7,12.4,11.0,22.2
Universiti Teknologi Brunei,Brunei,S,562.0,525.0,15.4,6.3,88.5,9.9,100.0,5.8,15.9,14.7,1.4,22.2
Eötvös Loránd University,Hungary,L,564.0,,23.3,22.6,10.7,6.1,5.2,11.0,71.3,60.9,61.9,22.1
Nanjing University of Science and Technology,China (Mainland),L,565.0,600.0,5.7,2.5,8.9,89.3,,,38.7,3.7,2.3,22.0
University of Connecticut,United States,L,565.0,444.0,14.4,8.1,18.2,29.8,27.4,19.4,88.0,23.3,37.6,22.0
Chiang Mai University,Thailand,XL,567.0,571.0,34.8,17.1,17.3,4.2,4.8,4.2,62.5,19.1,56.1,21.9
Lebanese University,Lebanon,XL,567.0,577.0,29.0,34.4,10.1,2.2,43.8,29.5,43.7,29.9,5.8,21.9
MGIMO University,Russia,M,567.0,526.0,9.8,25.4,100.0,1.3,11.3,41.3,5.7,60.0,1.0,21.9
"University of Chemistry and Technology, Prague",Czech Republic,S,570.0,556.0,5.6,9.3,98.4,13.5,23.9,78.4,34.9,4.2,3.4,21.8
University of Szeged,Hungary,L,570.0,,18.5,16.8,37.0,4.8,11.8,41.2,73.1,15.0,61.9,21.8
University of the Punjab,Pakistan,XL,570.0,,15.6,52.2,4.5,11.6,3.2,1.3,62.2,81.4,4.3,21.8
Florida State University,United States,XL,573.0,461.0,25.6,18.1,7.2,24.8,10.0,4.2,71.9,18.4,26.8,21.6
Florida International University,United States,XL,574.0,556.0,15.3,22.5,11.8,12.6,20.3,12.9,86.7,16.6,81.2,21.5
University of Debrecen,Hungary,L,574.0,,17.9,13.9,34.0,3.9,10.6,70.0,76.7,21.4,39.5,21.5
National Research Tomsk Polytechnic University,Russia,M,576.0,586.0,8.9,8.4,95.1,3.7,10.9,82.8,62.7,2.0,7.1,21.4
Sogang University,South Korea,M,576.0,509.0,17.5,45.5,56.7,5.1,7.1,19.6,13.8,16.0,17.7,21.4
Southern Cross University,Australia,M,576.0,,4.4,2.8,2.9,46.3,81.1,44.8,44.2,4.8,48.2,21.4
Universidad Adolfo Ibáñez,Chile,M,576.0,567.0,20.6,57.0,4.7,4.6,36.9,3.9,31.5,53.3,2.0,21.4
Jawaharlal Nehru University,India,M,580.0,,31.0,14.4,10.0,28.9,,1.3,47.4,14.7,19.7,21.3
Jinan University (China),China (Mainland),XL,580.0,,5.2,2.7,8.9,52.7,34.0,83.1,52.8,6.5,3.1,21.3
Management and Science University,Malaysia,S,580.0,,15.1,18.1,40.2,1.8,97.3,99.4,12.1,4.2,1.2,21.3
Politecnico di Bari,Italy,S,580.0,556.0,6.9,4.8,11.3,76.5,4.6,7.2,46.6,3.5,1.3,21.3
Université Paul Sabatier Toulouse III,France,L,580.0,511.0,17.7,3.4,38.5,28.0,5.1,21.5,98.5,6.0,10.3,21.3
Institut Teknologi Sepuluh Nopember (ITS Surabaya),Indonesia,L,585.0,,17.3,48.9,47.8,1.6,47.5,5.3,12.0,13.0,16.1,21.2
Singapore Management University,Singapore,M,585.0,545.0,12.3,14.2,10.2,18.8,100.0,58.9,20.8,27.1,26.3,21.2
Bond University,Australia,S,587.0,567.0,4.3,4.6,47.8,28.8,70.4,86.6,26.5,8.4,1.0,21.1
Shoolini University of Biotechnology and Management Sciences,India,S,587.0,,10.0,14.9,8.1,55.9,33.3,1.7,44.8,2.0,16.3,21.1
The University of Georgia,United States,XL,587.0,514.0,20.6,18.6,9.8,24.4,6.7,4.5,83.7,21.5,30.7,21.1
Universiti Teknologi MARA - UiTM,Malaysia,XL,587.0,555.0,30.8,40.4,17.6,2.8,1.7,2.1,68.6,3.6,15.2,21.1
University of Kwazulu-Natal,South Africa,XL,587.0,,12.6,10.2,5.5,24.5,24.5,1.6,93.7,71.2,37.9,21.1
Ain Shams University,Egypt,XL,592.0,,24.0,32.2,11.3,1.9,23.1,7.5,74.2,56.3,9.8,21.0
Nottingham Trent University,United Kingdom,XL,592.0,595.0,10.6,15.1,10.6,5.1,57.1,74.0,84.6,12.0,64.1,21.0
Universität Bremen,Germany,L,592.0,514.0,18.5,7.7,13.1,24.4,46.9,26.4,89.1,1.8,19.9,21.0
ITMO University,Russia,M,595.0,542.0,10.5,13.0,95.5,5.4,20.3,36.2,65.3,1.9,1.2,20.9
Thammasat University,Thailand,L,596.0,600.0,24.6,19.4,26.6,2.1,9.1,1.7,41.0,84.6,33.6,20.8
Universitas Padjadjaran,Indonesia,XL,596.0,,19.0,41.6,41.4,1.4,34.8,2.2,19.6,33.4,21.3,20.8
University of Iowa,United States,L,596.0,491.0,18.4,8.7,41.7,19.1,15.5,3.7,75.6,26.6,20.8,20.8
University of Ljubljana,Slovenia,XL,596.0,,19.9,9.2,33.3,5.9,4.2,9.7,84.8,97.6,4.9,20.8
University of Texas Dallas,United States,L,596.0,520.0,13.1,15.9,3.4,43.3,9.7,47.4,60.4,4.9,9.5,20.8
Al Ain University,United Arab Emirates,S,552.0,,22.6,15.7,13.4,5.9,100.0,100.0,27.5,5.9,5.2,22.5
